timestamp,PlaceCode,MeasureTime,Organic,Organic_Status,Suspended,Suspended_Status,TotalP,TotalP_Status,TotalN,TotalN_Status,CommDisorder
2024-08-15 06:34:38,Bo-Mok,20240815153420,3.3,00,0.3,00,0.097,00,11.346,00,OK
2024-08-15 06:34:38,Dae-Jung,20240815153420,5.0,00,0.9,00,0.268,00,1.320,00,OK
2024-08-15 06:34:38,Eastside,20240815153410,4.5,00,1.4,00,1.149,00,3.278,00,OK
2024-08-15 06:34:38,Jeju,20240815141820,5.3,00,3.6,00,0.674,00,7.960,00,NG
2024-08-15 06:34:38,Nam-Won,20240815153350,4.2,00,0.7,00,0.641,00,2.646,00,OK
2024-08-15 06:34:38,Sek-Dal,20240815153410,0.4,00,1.3,00,1.280,00,9.630,00,OK
2024-08-15 06:34:38,Sung-San,20240815153420,0.0,04,1.3,04,0.841,00,5.816,00,OK
2024-08-15 06:34:38,Westside,20240815153420,10.3,00,1.7,00,0.592,00,6.382,00,OK
2024-08-15 06:45:36,Bo-Mok,20240815154520,3.3,00,0.5,00,0.097,00,11.346,00,OK
2024-08-15 06:45:36,Dae-Jung,20240815154510,5.0,00,0.9,00,0.268,00,1.320,00,NG
2024-08-15 06:45:36,Eastside,20240815154510,4.3,00,1.6,00,1.149,00,3.278,00,OK
2024-08-15 06:45:36,Jeju,20240815141820,5.3,00,3.6,00,0.674,00,7.960,00,NG
2024-08-15 06:45:36,Nam-Won,20240815154450,4.2,00,0.7,00,0.641,00,2.646,00,NG
2024-08-15 06:45:36,Sek-Dal,20240815154510,0.4,00,1.2,00,1.280,00,9.630,00,OK
2024-08-15 06:45:36,Sung-San,20240815154520,0.0,04,1.3,04,0.841,00,5.816,00,OK
2024-08-15 06:45:36,Westside,20240815154520,10.7,00,1.7,00,0.592,00,6.382,00,OK
2024-08-15 06:53:36,Bo-Mok,20240815155320,3.3,00,0.4,00,0.106,00,11.616,00,OK
2024-08-15 06:53:36,Dae-Jung,20240815155310,5.1,00,0.9,00,0.361,00,1.320,00,NG
2024-08-15 06:53:36,Eastside,20240815155310,4.8,00,1.5,00,1.149,00,3.278,00,OK
2024-08-15 06:53:36,Jeju,20240815141820,5.3,00,3.6,00,0.674,00,7.960,00,NG
2024-08-15 06:53:36,Nam-Won,20240815155250,3.8,00,0.6,00,1.032,00,0.000,00,NG
2024-08-15 06:53:36,Sek-Dal,20240815155310,0.4,00,1.1,00,1.512,00,9.549,00,OK
2024-08-15 06:53:36,Sung-San,20240815155320,0.0,04,1.2,04,2.383,00,6.557,00,OK
2024-08-15 06:53:36,Westside,20240815155320,11.6,00,1.8,00,0.592,00,6.382,00,OK
2024-08-15 07:08:06,Bo-Mok,20240815160750,3.3,00,0.5,00,0.106,00,11.616,00,OK
2024-08-15 07:08:06,Dae-Jung,20240815160750,4.8,00,1.1,00,0.361,00,2.185,00,OK
2024-08-15 07:08:06,Eastside,20240815160740,4.8,00,1.5,00,1.088,00,3.682,00,NG
2024-08-15 07:08:06,Jeju,20240815141820,5.3,00,3.6,00,0.674,00,7.960,00,NG
2024-08-15 07:08:06,Nam-Won,20240815160720,3.8,00,0.7,00,1.032,00,0.000,00,NG
2024-08-15 07:08:06,Sek-Dal,20240815160740,0.4,00,1.1,00,1.512,00,9.549,00,OK
2024-08-15 07:08:06,Sung-San,20240815160750,0.0,04,1.2,04,2.383,00,6.557,00,OK
2024-08-15 07:08:06,Westside,20240815160750,12.1,00,1.8,00,0.683,00,5.732,00,OK
2024-08-15 07:21:22,Bo-Mok,20240815162110,3.3,00,0.5,00,0.106,00,11.616,00,OK
2024-08-15 07:21:22,Dae-Jung,20240815162100,4.8,00,1.1,00,0.361,00,2.185,00,OK
2024-08-15 07:21:22,Eastside,20240815162100,4.8,00,1.6,00,1.088,00,3.682,00,OK
2024-08-15 07:21:22,Jeju,20240815141820,5.3,00,3.6,00,0.674,00,7.960,00,NG
2024-08-15 07:21:22,Nam-Won,20240815162040,3.7,00,0.7,00,1.032,00,0.000,00,OK
2024-08-15 07:21:22,Sek-Dal,20240815162050,0.5,00,1.2,00,1.512,00,9.549,00,OK
2024-08-15 07:21:22,Sung-San,20240815162100,0.0,04,1.2,00,2.383,00,6.557,00,OK
2024-08-15 07:21:22,Westside,20240815162100,12.1,00,1.9,00,0.683,00,5.732,00,OK
2024-08-15 07:29:10,Bo-Mok,20240815162900,3.3,00,0.6,00,0.106,00,11.616,00,OK
2024-08-15 07:29:10,Dae-Jung,20240815162850,4.8,00,0.9,00,0.361,00,2.185,00,OK
2024-08-15 07:29:10,Eastside,20240815162840,5.1,00,1.5,00,1.088,00,3.682,00,NG
2024-08-15 07:29:10,Jeju,20240815141820,5.3,00,3.6,00,0.674,00,7.960,00,NG
2024-08-15 07:29:10,Nam-Won,20240815162830,3.7,00,0.7,00,1.032,00,0.000,00,OK
2024-08-15 07:29:10,Sek-Dal,20240815162840,0.5,00,1.2,00,1.512,00,9.549,00,OK
2024-08-15 07:29:10,Sung-San,20240815162850,0.0,04,1.2,00,2.383,00,6.557,00,OK
2024-08-15 07:29:10,Westside,20240815162850,12.7,00,2.0,00,0.683,00,5.732,00,OK
2024-08-15 07:38:35,Bo-Mok,20240815163820,3.3,00,0.4,00,0.106,00,11.616,00,OK
2024-08-15 07:38:35,Dae-Jung,20240815163810,4.9,00,0.9,00,0.361,00,2.185,00,NG
2024-08-15 07:38:35,Eastside,20240815163810,5.3,00,1.6,00,1.088,00,3.682,00,OK
2024-08-15 07:38:35,Jeju,20240815141820,5.3,00,3.6,00,0.674,00,7.960,00,NG
2024-08-15 07:38:35,Nam-Won,20240815163750,3.7,00,0.7,00,1.032,00,0.000,00,OK
2024-08-15 07:38:35,Sek-Dal,20240815163810,0.5,00,1.2,00,1.512,00,9.549,00,OK
2024-08-15 07:38:35,Sung-San,20240815163820,0.0,04,1.2,00,2.383,00,6.557,00,OK
2024-08-15 07:38:35,Westside,20240815163820,11.4,00,1.9,00,0.683,00,5.732,00,OK
2024-08-15 07:46:22,Bo-Mok,20240815164610,3.3,00,0.4,00,0.106,00,11.616,00,OK
2024-08-15 07:46:22,Dae-Jung,20240815164600,4.9,00,3.0,00,0.361,00,2.185,00,OK
2024-08-15 07:46:22,Eastside,20240815164600,5.3,00,1.6,00,1.088,00,3.682,00,OK
2024-08-15 07:46:22,Jeju,20240815141820,5.3,00,3.6,00,0.674,00,7.960,00,NG
2024-08-15 07:46:22,Nam-Won,20240815164540,3.7,00,1.2,00,1.032,00,0.000,00,OK
2024-08-15 07:46:22,Sek-Dal,20240815164550,0.5,00,1.2,00,1.512,00,9.549,00,NG
2024-08-15 07:46:22,Sung-San,20240815164600,0.0,04,1.2,00,2.383,00,6.557,00,NG
2024-08-15 07:46:22,Westside,20240815164600,11.4,00,2.0,00,0.683,00,5.732,00,OK
2024-08-15 07:54:20,Bo-Mok,20240815165410,3.4,00,0.4,00,0.094,00,11.192,00,OK
2024-08-15 07:54:20,Dae-Jung,20240815165400,5.0,00,3.8,00,0.391,00,2.185,00,OK
2024-08-15 07:54:20,Eastside,20240815165400,5.3,00,1.7,00,1.088,00,3.682,00,OK
2024-08-15 07:54:20,Jeju,20240815141820,5.3,00,3.6,00,0.674,00,7.960,00,NG
2024-08-15 07:54:20,Nam-Won,20240815165340,3.7,00,2.8,00,0.891,00,3.239,00,OK
2024-08-15 07:54:20,Sek-Dal,20240815165350,0.5,00,1.5,00,1.390,00,10.161,00,OK
2024-08-15 07:54:20,Sung-San,20240815165400,0.0,04,1.2,00,0.996,00,5.816,00,OK
2024-08-15 07:54:20,Westside,20240815165400,22.3,00,2.0,00,0.683,00,5.732,00,OK
2024-08-15 08:12:23,Bo-Mok,20240815171210,3.4,00,0.6,00,0.094,00,11.192,00,OK
2024-08-15 08:12:23,Dae-Jung,20240815171200,4.9,00,1.4,00,0.391,00,2.561,00,OK
2024-08-15 08:12:23,Eastside,20240815171200,5.1,00,1.5,00,1.167,00,3.228,00,OK
2024-08-15 08:12:23,Jeju,20240815141820,5.3,00,3.6,00,0.674,00,7.960,00,NG
2024-08-15 08:12:23,Nam-Won,20240815171140,3.6,00,2.7,00,0.891,00,3.239,00,OK
2024-08-15 08:12:23,Sek-Dal,20240815171150,0.4,00,1.2,00,1.390,00,10.161,00,NG
2024-08-15 08:12:23,Sung-San,20240815171200,0.0,04,1.2,00,0.996,00,5.816,00,NG
2024-08-15 08:12:23,Westside,20240815171210,11.2,00,1.9,00,0.519,00,6.380,00,OK
2024-08-15 08:30:24,Bo-Mok,20240815173010,3.4,00,0.3,00,0.094,00,11.192,00,OK
2024-08-15 08:30:24,Dae-Jung,20240815173000,5.3,00,1.4,00,0.391,00,2.561,00,NG
2024-08-15 08:30:24,Eastside,20240815173000,5.2,00,1.8,00,1.167,00,3.228,00,OK
2024-08-15 08:30:24,Jeju,20240815141820,5.3,00,3.6,00,0.674,00,7.960,00,NG
2024-08-15 08:30:24,Nam-Won,20240815172940,3.7,00,1.4,00,0.891,00,3.239,00,OK
2024-08-15 08:30:24,Sek-Dal,20240815172950,0.3,00,1.2,00,1.390,00,10.161,00,NG
2024-08-15 08:30:24,Sung-San,20240815173000,0.0,04,1.3,00,0.996,00,5.816,00,NG
2024-08-15 08:30:24,Westside,20240815173010,12.0,00,1.9,00,0.519,00,6.380,00,OK
2024-08-15 08:41:23,Bo-Mok,20240815174110,3.4,00,0.5,00,0.094,00,11.192,00,OK
2024-08-15 08:41:23,Dae-Jung,20240815174100,5.3,00,1.4,00,0.391,00,2.561,00,NG
2024-08-15 08:41:23,Eastside,20240815174100,4.7,00,2.0,00,1.167,00,3.228,00,OK
2024-08-15 08:41:23,Jeju,20240815141820,5.3,00,3.6,00,0.674,00,7.960,00,NG
2024-08-15 08:41:23,Nam-Won,20240815174040,3.7,00,1.7,00,0.891,00,3.239,00,OK
2024-08-15 08:41:23,Sek-Dal,20240815174050,0.3,00,1.3,00,1.390,00,10.161,00,NG
2024-08-15 08:41:23,Sung-San,20240815174100,0.0,04,1.7,00,0.996,00,5.816,00,NG
2024-08-15 08:41:23,Westside,20240815174110,12.7,00,1.8,00,0.519,00,6.380,00,OK
2024-08-15 08:49:34,Bo-Mok,20240815174920,3.5,00,0.4,00,0.109,00,11.039,00,OK
2024-08-15 08:49:34,Dae-Jung,20240815174910,4.8,00,1.2,00,0.391,00,2.561,00,NG
2024-08-15 08:49:34,Eastside,20240815174910,4.7,00,2.0,00,1.167,00,3.228,00,OK
2024-08-15 08:49:34,Jeju,20240815141820,5.3,00,3.6,00,0.674,00,7.960,00,NG
2024-08-15 08:49:34,Nam-Won,20240815174850,3.7,00,1.9,00,1.186,00,3.594,00,OK
2024-08-15 08:49:34,Sek-Dal,20240815174900,0.4,00,1.3,00,1.644,00,10.650,00,NG
2024-08-15 08:49:34,Sung-San,20240815174910,0.0,04,1.7,00,0.943,00,6.128,00,NG
2024-08-15 08:49:34,Westside,20240815174920,12.7,00,1.7,00,0.519,00,6.380,00,OK
2024-08-15 08:57:26,Bo-Mok,20240815175710,3.5,00,0.5,00,0.109,00,11.039,00,OK
2024-08-15 08:57:26,Dae-Jung,20240815175700,4.8,00,1.1,00,0.366,00,2.913,00,NG
2024-08-15 08:57:26,Eastside,20240815175700,4.5,00,1.9,00,1.104,00,3.737,00,OK
2024-08-15 08:57:26,Jeju,20240815141820,5.3,00,3.6,00,0.674,00,7.960,00,NG
2024-08-15 08:57:26,Nam-Won,20240815175640,3.7,00,2.1,00,1.186,00,3.594,00,OK
2024-08-15 08:57:26,Sek-Dal,20240815175700,0.4,00,1.3,00,1.644,00,10.650,00,OK
2024-08-15 08:57:26,Sung-San,20240815175710,0.0,04,1.4,00,0.943,00,6.128,00,OK
2024-08-15 08:57:26,Westside,20240815175710,12.3,00,1.9,00,0.740,00,6.380,00,OK
2024-08-15 09:15:33,Bo-Mok,20240815181520,3.6,00,0.5,00,0.109,00,11.039,00,OK
2024-08-15 09:15:33,Dae-Jung,20240815181510,5.1,00,1.1,00,0.366,00,2.913,00,OK
2024-08-15 09:15:33,Eastside,20240815181510,4.7,00,2.0,00,1.104,00,3.737,00,OK
2024-08-15 09:15:33,Jeju,20240815141820,5.3,00,3.6,00,0.674,00,7.960,00,NG
2024-08-15 09:15:33,Nam-Won,20240815181450,3.8,00,3.6,00,1.186,00,3.594,00,OK
2024-08-15 09:15:33,Sek-Dal,20240815181500,0.6,00,1.4,00,1.644,00,10.650,00,OK
2024-08-15 09:15:33,Sung-San,20240815181510,0.0,04,1.5,00,0.943,00,6.128,00,OK
2024-08-15 09:15:33,Westside,20240815181520,11.6,00,2.2,00,0.740,00,10.052,00,OK
2024-08-15 09:27:50,Bo-Mok,20240815182740,3.6,00,0.6,00,0.109,00,11.039,00,OK
2024-08-15 09:27:50,Dae-Jung,20240815182730,5.1,00,1.3,00,0.366,00,2.913,00,OK
2024-08-15 09:27:50,Eastside,20240815182730,5.1,00,2.5,00,1.104,00,3.737,00,OK
2024-08-15 09:27:50,Jeju,20240815141820,5.3,00,3.6,00,0.674,00,7.960,00,NG
2024-08-15 09:27:50,Nam-Won,20240815182710,4.2,00,2.8,00,1.186,00,3.594,00,OK
2024-08-15 09:27:50,Sek-Dal,20240815182720,0.5,00,1.4,00,1.644,00,10.650,00,OK
2024-08-15 09:27:50,Sung-San,20240815182730,0.0,04,1.4,00,0.943,00,6.128,00,OK
2024-08-15 09:27:50,Westside,20240815182730,11.7,00,1.8,00,0.740,00,10.052,00,NG
2024-08-15 09:35:56,Bo-Mok,20240815183540,3.5,00,0.3,00,0.109,00,11.039,00,OK
2024-08-15 09:35:56,Dae-Jung,20240815183540,5.3,00,1.1,00,0.366,00,2.913,00,OK
2024-08-15 09:35:56,Eastside,20240815183530,5.1,00,3.3,00,1.104,00,3.737,00,NG
2024-08-15 09:35:56,Jeju,20240815141820,5.3,00,3.6,00,0.674,00,7.960,00,NG
2024-08-15 09:35:56,Nam-Won,20240815183510,4.5,00,2.0,00,1.186,00,3.594,00,NG
2024-08-15 09:35:56,Sek-Dal,20240815183530,0.4,00,1.4,00,1.644,00,10.650,00,OK
2024-08-15 09:35:56,Sung-San,20240815183540,0.0,04,1.4,00,0.943,00,6.128,00,OK
2024-08-15 09:35:56,Westside,20240815183540,11.7,00,1.7,00,0.740,00,10.052,00,OK
2024-08-15 09:43:54,Bo-Mok,20240815184340,3.5,00,0.5,00,0.109,00,11.039,00,OK
2024-08-15 09:43:54,Dae-Jung,20240815184330,5.3,00,1.1,00,0.366,00,2.913,00,OK
2024-08-15 09:43:54,Eastside,20240815184330,5.9,00,3.4,00,1.104,00,3.737,00,OK
2024-08-15 09:43:54,Jeju,20240815141820,5.3,00,3.6,00,0.674,00,7.960,00,NG
2024-08-15 09:43:54,Nam-Won,20240815184310,4.5,00,1.6,00,1.186,00,3.594,00,OK
2024-08-15 09:43:54,Sek-Dal,20240815184320,0.4,00,1.4,00,1.644,00,10.650,00,OK
2024-08-15 09:43:54,Sung-San,20240815184330,0.0,04,1.4,00,0.943,00,6.128,00,OK
2024-08-15 09:43:54,Westside,20240815184340,11.8,00,1.7,00,0.740,00,10.052,00,OK
2024-08-15 09:51:35,Bo-Mok,20240815185120,3.7,00,0.3,00,0.136,00,10.654,00,OK
2024-08-15 09:51:35,Dae-Jung,20240815185110,5.3,00,1.2,00,0.438,00,2.913,00,NG
2024-08-15 09:51:35,Eastside,20240815185110,7.4,00,3.3,00,1.104,00,3.737,00,OK
2024-08-15 09:51:35,Jeju,20240815141820,5.3,00,3.6,00,0.674,00,7.960,00,NG
2024-08-15 09:51:35,Nam-Won,20240815185050,4.5,00,1.4,00,1.460,00,5.411,00,OK
2024-08-15 09:51:35,Sek-Dal,20240815185110,0.3,00,1.4,00,1.474,00,11.262,00,OK
2024-08-15 09:51:35,Sung-San,20240815185120,0.0,04,1.3,00,1.316,00,6.050,00,OK
2024-08-15 09:51:35,Westside,20240815185120,11.7,00,1.6,00,0.740,00,10.052,00,OK
2024-08-15 09:59:30,Bo-Mok,20240815185920,3.7,00,0.5,00,0.136,00,10.654,00,OK
2024-08-15 09:59:30,Dae-Jung,20240815185910,5.3,00,1.2,00,0.438,00,2.725,00,OK
2024-08-15 09:59:30,Eastside,20240815185910,7.4,00,3.2,00,0.958,00,3.787,00,OK
2024-08-15 09:59:30,Jeju,20240815141820,5.3,00,3.6,00,0.674,00,7.960,00,NG
2024-08-15 09:59:30,Nam-Won,20240815185850,4.5,00,1.4,00,1.460,00,5.411,00,OK
2024-08-15 09:59:30,Sek-Dal,20240815185900,0.3,00,1.4,00,1.474,00,11.262,00,OK
2024-08-15 09:59:30,Sung-San,20240815185910,0.0,04,1.4,00,1.316,00,6.050,00,OK
2024-08-15 09:59:30,Westside,20240815185910,11.7,00,1.6,00,1.138,00,10.731,00,NG
2024-08-15 10:22:10,Bo-Mok,20240815192150,3.5,00,0.4,00,0.136,00,10.654,00,OK
2024-08-15 10:22:10,Dae-Jung,20240815192150,5.3,00,0.9,00,0.438,00,2.725,00,OK
2024-08-15 10:22:10,Eastside,20240815192140,6.0,00,2.8,00,0.958,00,3.787,00,NG
2024-08-15 10:22:10,Jeju,20240815141820,5.3,00,3.6,00,0.674,00,7.960,00,NG
2024-08-15 10:22:10,Nam-Won,20240815192130,4.4,00,1.1,00,1.460,00,5.411,00,OK
2024-08-15 10:22:10,Sek-Dal,20240815192140,0.3,00,1.4,00,1.474,00,11.262,00,OK
2024-08-15 10:22:10,Sung-San,20240815192150,0.0,04,1.3,00,1.316,00,6.050,00,OK
2024-08-15 10:22:10,Westside,20240815192150,10.7,00,2.4,00,1.138,00,10.731,00,OK
2024-08-15 10:37:14,Bo-Mok,20240815193700,3.6,00,0.4,00,0.136,00,10.654,00,OK
2024-08-15 10:37:14,Dae-Jung,20240815193650,5.4,00,0.9,00,0.438,00,2.725,00,NG
2024-08-15 10:37:14,Eastside,20240815193650,4.9,00,2.2,00,0.958,00,3.787,00,OK
2024-08-15 10:37:14,Jeju,20240815141820,5.3,00,3.6,00,0.674,00,7.960,00,NG
2024-08-15 10:37:14,Nam-Won,20240815193630,4.3,00,0.8,00,1.460,00,5.411,00,OK
2024-08-15 10:37:14,Sek-Dal,20240815193640,0.3,00,1.5,00,1.474,00,11.262,00,NG
2024-08-15 10:37:14,Sung-San,20240815193650,0.0,04,1.3,00,1.316,00,6.050,00,NG
2024-08-15 10:37:14,Westside,20240815193700,10.9,00,2.5,00,1.138,00,10.731,00,OK
2024-08-15 10:44:57,Bo-Mok,20240815194440,3.6,00,0.5,00,0.136,00,10.654,00,OK
2024-08-15 10:44:57,Dae-Jung,20240815194440,5.4,00,0.9,00,0.438,00,2.725,00,OK
2024-08-15 10:44:57,Eastside,20240815194430,4.9,00,2.3,00,0.958,00,3.787,00,NG
2024-08-15 10:44:57,Jeju,20240815141820,5.3,00,3.6,00,0.674,00,7.960,00,NG
2024-08-15 10:44:57,Nam-Won,20240815194410,4.3,00,0.8,00,1.460,00,5.411,00,NG
2024-08-15 10:44:57,Sek-Dal,20240815194430,0.3,00,1.6,00,1.474,00,11.262,00,OK
2024-08-15 10:44:57,Sung-San,20240815194440,0.0,04,1.3,00,1.316,00,6.050,00,OK
2024-08-15 10:44:57,Westside,20240815194440,10.9,00,3.1,00,1.138,00,10.731,00,OK
2024-08-15 10:53:04,Bo-Mok,20240815195250,3.6,00,0.4,00,0.118,00,10.500,00,OK
2024-08-15 10:53:04,Dae-Jung,20240815195240,5.4,00,0.9,00,0.573,00,2.725,00,NG
2024-08-15 10:53:04,Eastside,20240815195240,5.1,00,2.3,00,0.958,00,3.787,00,OK
2024-08-15 10:53:04,Jeju,20240815141820,5.3,00,3.6,00,0.674,00,7.960,00,NG
2024-08-15 10:53:04,Nam-Won,20240815195220,4.0,00,0.7,00,1.198,00,0.000,00,OK
2024-08-15 10:53:04,Sek-Dal,20240815195230,0.3,00,1.3,00,1.493,00,10.977,00,NG
2024-08-15 10:53:04,Sung-San,20240815195240,0.0,04,1.4,00,1.637,00,5.738,00,NG
2024-08-15 10:53:04,Westside,20240815195250,13.4,00,2.5,00,1.138,00,10.731,00,OK
2024-08-15 11:03:20,Bo-Mok,20240815200310,3.6,00,0.5,00,0.118,00,10.500,00,OK
2024-08-15 11:03:20,Dae-Jung,20240815200300,5.4,00,1.0,00,0.573,00,3.026,00,OK
2024-08-15 11:03:20,Eastside,20240815200250,5.1,00,2.1,00,1.067,00,3.101,00,NG
2024-08-15 11:03:20,Jeju,20240815141820,5.3,00,3.6,00,0.674,00,7.960,00,NG
2024-08-15 11:03:20,Nam-Won,20240815200240,4.0,00,0.7,00,1.198,00,0.000,00,OK
2024-08-15 11:03:20,Sek-Dal,20240815200250,0.3,00,1.6,00,1.493,00,10.977,00,OK
2024-08-15 11:03:20,Sung-San,20240815200300,0.0,04,1.4,00,1.637,00,5.738,00,OK
2024-08-15 11:03:20,Westside,20240815200300,13.4,00,2.8,00,1.460,00,8.160,00,OK
2024-08-15 11:18:07,Bo-Mok,20240815201750,3.5,00,0.7,00,0.118,00,10.500,00,OK
2024-08-15 11:18:07,Dae-Jung,20240815201750,5.4,00,1.0,00,0.573,00,3.026,00,OK
2024-08-15 11:18:07,Eastside,20240815201740,5.4,00,2.6,00,1.067,00,3.101,00,OK
2024-08-15 11:18:07,Jeju,20240815141820,5.3,00,3.6,00,0.674,00,7.960,00,NG
2024-08-15 11:18:07,Nam-Won,20240815201720,3.9,00,0.7,00,1.198,00,0.000,00,OK
2024-08-15 11:18:07,Sek-Dal,20240815201740,0.6,06,1.5,00,1.493,00,10.977,00,OK
2024-08-15 11:18:07,Sung-San,20240815201750,0.0,04,1.3,00,1.637,00,5.738,00,OK
2024-08-15 11:18:07,Westside,20240815201750,14.0,00,3.3,00,1.460,00,8.160,00,OK
2024-08-15 11:26:53,Bo-Mok,20240815202640,3.5,00,0.6,00,0.118,00,10.500,00,OK
2024-08-15 11:26:53,Dae-Jung,20240815202630,5.4,00,1.0,00,0.573,00,3.026,00,NG
2024-08-15 11:26:53,Eastside,20240815202630,5.0,00,2.4,00,1.067,00,3.101,00,OK
2024-08-15 11:26:53,Jeju,20240815141820,5.3,00,3.6,00,0.674,00,7.960,00,NG
2024-08-15 11:26:53,Nam-Won,20240815202610,3.8,00,0.8,00,1.198,00,0.000,00,OK
2024-08-15 11:26:53,Sek-Dal,20240815202620,0.5,06,1.7,00,1.493,00,10.977,00,NG
2024-08-15 11:26:53,Sung-San,20240815202630,0.0,04,1.3,00,1.637,00,5.738,00,NG
2024-08-15 11:26:53,Westside,20240815202640,14.3,00,3.4,00,1.460,00,8.160,00,OK
2024-08-15 11:37:21,Bo-Mok,20240815203710,3.5,00,0.3,00,0.118,00,10.500,00,OK
2024-08-15 11:37:21,Dae-Jung,20240815203700,5.4,00,1.1,00,0.573,00,3.026,00,OK
2024-08-15 11:37:21,Eastside,20240815203700,5.6,00,2.6,00,1.067,00,3.101,00,OK
2024-08-15 11:37:21,Jeju,20240815141820,5.3,00,3.6,00,0.674,00,7.960,00,NG
2024-08-15 11:37:21,Nam-Won,20240815203640,3.7,00,0.8,00,1.198,00,0.000,00,OK
2024-08-15 11:37:21,Sek-Dal,20240815203650,0.5,06,1.6,00,1.493,00,10.977,00,OK
2024-08-15 11:37:21,Sung-San,20240815203700,0.0,04,1.3,00,1.637,00,5.738,00,OK
2024-08-15 11:37:21,Westside,20240815203700,16.8,00,2.7,00,1.460,00,8.160,00,OK
2024-08-15 11:45:18,Bo-Mok,20240815204500,3.5,00,0.3,00,0.118,00,10.500,00,OK
2024-08-15 11:45:18,Dae-Jung,20240815204500,5.4,00,1.1,00,0.573,00,3.026,00,OK
2024-08-15 11:45:18,Eastside,20240815204450,5.6,00,2.9,00,1.067,00,3.101,00,OK
2024-08-15 11:45:18,Jeju,20240815141820,5.3,00,3.6,00,0.674,00,7.960,00,NG
2024-08-15 11:45:18,Nam-Won,20240815204430,3.7,00,1.0,00,1.198,00,0.000,00,OK
2024-08-15 11:45:18,Sek-Dal,20240815204450,0.5,06,1.4,00,1.493,00,10.977,00,OK
2024-08-15 11:45:18,Sung-San,20240815204500,0.0,04,1.2,00,1.637,00,5.738,00,OK
2024-08-15 11:45:18,Westside,20240815204500,16.8,00,2.5,00,1.460,00,8.160,00,OK
2024-08-15 11:53:25,Bo-Mok,20240815205310,3.5,00,0.2,00,0.151,00,10.500,00,OK
2024-08-15 11:53:25,Dae-Jung,20240815205300,5.1,00,1.0,00,0.709,00,3.026,00,NG
2024-08-15 11:53:25,Eastside,20240815205300,6.3,00,3.7,00,1.067,00,3.101,00,OK
2024-08-15 11:53:25,Jeju,20240815141820,5.3,00,3.6,00,0.674,00,7.960,00,NG
2024-08-15 11:53:25,Nam-Won,20240815205240,3.8,00,2.6,00,1.029,00,0.000,00,OK
2024-08-15 11:53:25,Sek-Dal,20240815205300,0.5,06,1.5,00,1.437,00,12.160,00,OK
2024-08-15 11:53:25,Sung-San,20240815205310,0.0,04,1.2,00,1.668,00,5.621,00,OK
2024-08-15 11:53:25,Westside,20240815205310,16.8,00,2.4,00,1.460,00,8.160,00,OK
2024-08-15 12:14:26,Bo-Mok,20240815211410,3.5,00,0.3,00,0.151,00,10.500,00,OK
2024-08-15 12:14:26,Dae-Jung,20240815211410,5.1,00,0.9,00,0.709,00,3.758,00,OK
2024-08-15 12:14:26,Eastside,20240815211400,7.3,00,3.9,00,1.525,00,5.139,00,NG
2024-08-15 12:14:26,Jeju,20240815141820,5.3,00,3.6,00,0.674,00,7.960,00,NG
2024-08-15 12:14:26,Nam-Won,20240815211340,3.8,00,5.1,00,1.029,00,0.000,00,NG
2024-08-15 12:14:26,Sek-Dal,20240815211400,0.5,06,1.4,00,1.437,00,12.160,00,OK
2024-08-15 12:14:26,Sung-San,20240815211410,0.0,04,1.2,00,1.668,00,5.621,00,OK
2024-08-15 12:14:26,Westside,20240815211410,14.2,00,3.2,00,1.548,00,7.887,00,OK
2024-08-15 12:47:24,Bo-Mok,20240815214710,3.6,00,0.5,00,0.136,00,10.154,00,OK
2024-08-15 12:47:24,Dae-Jung,20240815214700,5.3,00,1.0,00,0.709,00,3.758,00,OK
2024-08-15 12:47:24,Eastside,20240815214700,8.2,00,3.2,00,1.525,00,5.139,00,OK
2024-08-15 12:47:24,Jeju,20240815141820,5.3,00,3.6,00,0.674,00,7.960,00,NG
2024-08-15 12:47:24,Nam-Won,20240815214640,3.8,00,1.3,00,1.336,00,0.000,00,OK
2024-08-15 12:47:24,Sek-Dal,20240815214650,0.5,06,1.4,00,1.503,00,11.426,00,OK
2024-08-15 12:47:24,Sung-San,20240815214700,0.0,04,1.3,00,1.711,00,5.465,00,OK
2024-08-15 12:47:24,Westside,20240815214710,14.9,00,2.4,00,1.548,00,7.887,00,OK
2024-08-15 13:02:53,Bo-Mok,20240815220240,3.5,00,0.5,00,0.136,00,10.154,00,OK
2024-08-15 13:02:53,Dae-Jung,20240815220230,5.3,00,1.0,00,0.696,00,4.023,00,OK
2024-08-15 13:02:53,Eastside,20240815220230,6.6,00,2.0,00,1.702,00,5.575,00,OK
2024-08-15 13:02:53,Jeju,20240815141820,5.3,00,3.6,00,0.674,00,7.960,00,NG
2024-08-15 13:02:53,Nam-Won,20240815220210,3.8,00,1.1,00,1.336,00,4.147,00,OK
2024-08-15 13:02:53,Sek-Dal,20240815220220,0.5,06,1.4,00,1.503,00,11.426,00,NG
2024-08-15 13:02:53,Sung-San,20240815220230,0.0,04,1.3,00,1.711,00,5.465,00,NG
2024-08-15 13:02:53,Westside,20240815220230,14.2,00,2.1,00,2.097,00,14.034,00,OK
2024-08-15 13:24:24,Bo-Mok,20240815222410,3.5,00,0.3,00,0.136,00,10.154,00,OK
2024-08-15 13:24:24,Dae-Jung,20240815222400,5.8,00,0.9,00,0.696,00,4.023,00,OK
2024-08-15 13:24:24,Eastside,20240815222400,4.4,00,1.7,00,1.702,00,5.575,00,OK
2024-08-15 13:24:24,Jeju,20240815141820,5.3,00,3.6,00,0.674,00,7.960,00,NG
2024-08-15 13:24:24,Nam-Won,20240815222340,3.9,00,1.6,00,1.336,00,4.147,00,OK
2024-08-15 13:24:24,Sek-Dal,20240815222350,0.5,06,1.5,00,1.503,00,11.426,00,NG
2024-08-15 13:24:24,Sung-San,20240815222400,0.0,04,1.4,00,1.711,00,5.465,00,NG
2024-08-15 13:24:24,Westside,20240815222410,13.7,00,2.3,00,2.097,00,14.034,00,OK
2024-08-15 13:32:32,Bo-Mok,20240815223220,3.5,00,0.5,00,0.136,00,10.154,00,OK
2024-08-15 13:32:32,Dae-Jung,20240815223210,5.8,00,0.9,00,0.696,00,4.023,00,NG
2024-08-15 13:32:32,Eastside,20240815223210,4.4,00,1.7,00,1.702,00,5.575,00,OK
2024-08-15 13:32:32,Jeju,20240815141820,5.3,00,3.6,00,0.674,00,7.960,00,NG
2024-08-15 13:32:32,Nam-Won,20240815223150,3.9,00,1.7,00,1.336,00,4.147,00,OK
2024-08-15 13:32:32,Sek-Dal,20240815223200,0.5,06,1.4,00,1.503,00,11.426,00,NG
2024-08-15 13:32:32,Sung-San,20240815223210,0.0,04,1.4,00,1.711,00,5.465,00,NG
2024-08-15 13:32:32,Westside,20240815223210,13.7,00,2.5,00,2.097,00,14.034,00,OK
2024-08-15 13:40:29,Bo-Mok,20240815224010,3.6,00,0.4,00,0.136,00,10.154,00,OK
2024-08-15 13:40:29,Dae-Jung,20240815224010,5.3,00,0.9,00,0.696,00,4.023,00,OK
2024-08-15 13:40:29,Eastside,20240815224000,4.4,00,2.1,00,1.702,00,5.575,00,NG
2024-08-15 13:40:29,Jeju,20240815141820,5.3,00,3.6,00,0.674,00,7.960,00,NG
2024-08-15 13:40:29,Nam-Won,20240815223940,3.9,00,1.4,00,1.336,00,4.147,00,NG
2024-08-15 13:40:29,Sek-Dal,20240815224000,0.5,06,1.6,00,1.503,00,11.426,00,OK
2024-08-15 13:40:29,Sung-San,20240815224010,0.0,04,1.4,00,1.711,00,5.465,00,OK
2024-08-15 13:40:29,Westside,20240815224010,12.7,00,2.6,00,2.097,00,14.034,00,OK
2024-08-15 13:48:33,Bo-Mok,20240815224820,3.6,00,0.5,00,0.133,00,9.808,00,OK
2024-08-15 13:48:33,Dae-Jung,20240815224810,5.3,00,0.9,00,0.696,00,4.023,00,NG
2024-08-15 13:48:33,Eastside,20240815224810,4.4,00,2.1,00,1.702,00,5.575,00,OK
2024-08-15 13:48:33,Jeju,20240815141820,5.3,00,3.6,00,0.674,00,7.960,00,NG
2024-08-15 13:48:33,Nam-Won,20240815224750,3.9,00,1.4,00,0.915,00,3.555,00,OK
2024-08-15 13:48:33,Sek-Dal,20240815224800,0.5,06,1.5,00,1.377,00,11.711,00,NG
2024-08-15 13:48:33,Sung-San,20240815224810,0.0,04,1.3,00,1.665,00,5.855,00,NG
2024-08-15 13:48:33,Westside,20240815224810,12.7,00,2.5,00,2.097,00,14.034,00,OK
2024-08-15 13:56:20,Bo-Mok,20240815225610,3.6,00,0.4,00,0.133,00,9.808,00,OK
2024-08-15 13:56:20,Dae-Jung,20240815225600,5.3,00,0.9,00,0.595,00,4.023,00,OK
2024-08-15 13:56:20,Eastside,20240815225600,5.1,00,2.1,00,1.860,00,5.575,00,OK
2024-08-15 13:56:20,Jeju,20240815141820,5.3,00,3.6,00,0.674,00,7.960,00,NG
2024-08-15 13:56:20,Nam-Won,20240815225540,4.2,00,1.4,00,0.915,00,3.555,00,OK
2024-08-15 13:56:20,Sek-Dal,20240815225550,0.5,06,1.3,00,1.377,00,11.711,00,OK
2024-08-15 13:56:20,Sung-San,20240815225600,0.0,04,1.4,00,1.665,00,5.855,00,OK
2024-08-15 13:56:20,Westside,20240815225600,13.4,00,2.0,00,2.274,00,14.034,00,OK
2024-08-15 14:11:33,Bo-Mok,20240815231120,3.3,00,0.5,00,0.133,00,9.808,00,OK
2024-08-15 14:11:33,Dae-Jung,20240815231110,5.3,00,1.0,00,0.595,00,3.166,00,NG
2024-08-15 14:11:33,Eastside,20240815231110,5.2,00,2.6,00,1.860,00,8.911,00,OK
2024-08-15 14:11:33,Jeju,20240815141820,5.3,00,3.6,00,0.674,00,7.960,00,NG
2024-08-15 14:11:33,Nam-Won,20240815231050,4.3,00,1.7,00,0.915,00,3.555,00,OK
2024-08-15 14:11:33,Sek-Dal,20240815231100,0.5,06,1.4,00,1.377,00,11.711,00,NG
2024-08-15 14:11:33,Sung-San,20240815231110,0.0,04,1.3,00,1.665,00,5.855,00,NG
2024-08-15 14:11:33,Westside,20240815231120,13.9,00,1.7,00,2.274,00,13.808,00,OK
2024-08-15 14:27:32,Bo-Mok,20240815232720,4.5,00,0.6,00,0.133,00,9.808,00,OK
2024-08-15 14:27:32,Dae-Jung,20240815232710,5.8,00,0.9,00,0.595,00,3.166,00,OK
2024-08-15 14:27:32,Eastside,20240815232710,5.8,00,2.7,00,1.860,00,8.911,00,OK
2024-08-15 14:27:32,Jeju,20240815141820,5.3,00,3.6,00,0.674,00,7.960,00,NG
2024-08-15 14:27:32,Nam-Won,20240815232650,4.4,00,0.9,00,0.915,00,3.555,00,OK
2024-08-15 14:27:32,Sek-Dal,20240815232700,0.5,06,1.5,00,1.377,00,11.711,00,OK
2024-08-15 14:27:32,Sung-San,20240815232710,0.0,04,1.2,00,1.665,00,5.855,00,OK
2024-08-15 14:27:32,Westside,20240815232710,12.7,00,1.5,00,2.274,00,13.808,00,NG
2024-08-15 14:36:42,Bo-Mok,20240815233630,3.8,00,0.3,00,0.133,00,9.808,00,OK
2024-08-15 14:36:42,Dae-Jung,20240815233620,5.8,00,0.9,00,0.595,00,3.166,00,OK
2024-08-15 14:36:42,Eastside,20240815233620,5.7,00,2.6,00,1.860,00,8.911,00,OK
2024-08-15 14:36:42,Jeju,20240815141820,5.3,00,3.6,00,0.674,00,7.960,00,NG
2024-08-15 14:36:42,Nam-Won,20240815233600,4.4,00,0.7,00,0.915,00,3.555,00,OK
2024-08-15 14:36:42,Sek-Dal,20240815233610,0.5,06,1.8,00,1.377,00,11.711,00,OK
2024-08-15 14:36:42,Sung-San,20240815233620,0.0,04,1.2,00,1.665,00,5.855,00,OK
2024-08-15 14:36:42,Westside,20240815233620,11.6,00,3.1,00,2.274,00,13.808,00,OK
2024-08-15 14:44:44,Bo-Mok,20240815234430,3.8,00,0.5,00,0.133,00,9.808,00,OK
2024-08-15 14:44:44,Dae-Jung,20240815234420,5.8,00,0.9,00,0.595,00,3.166,00,NG
2024-08-15 14:44:44,Eastside,20240815234420,5.7,00,2.6,00,1.860,00,8.911,00,OK
2024-08-15 14:44:44,Jeju,20240815141820,5.3,00,3.6,00,0.674,00,7.960,00,NG
2024-08-15 14:44:44,Nam-Won,20240815234400,4.4,00,0.6,00,0.915,00,3.555,00,OK
2024-08-15 14:44:44,Sek-Dal,20240815234410,0.5,06,1.7,00,1.377,00,11.711,00,NG
2024-08-15 14:44:44,Sung-San,20240815234420,0.0,04,1.2,00,1.665,00,5.855,00,NG
2024-08-15 14:44:44,Westside,20240815234430,11.6,00,2.2,00,2.274,00,13.808,00,OK
2024-08-15 14:52:41,Bo-Mok,20240815235230,3.8,00,0.4,00,0.121,00,9.731,00,OK
2024-08-15 14:52:41,Dae-Jung,20240815235220,5.7,00,0.8,00,0.563,00,3.166,00,OK
2024-08-15 14:52:41,Eastside,20240815235220,6.1,00,3.6,00,1.860,00,8.911,00,OK
2024-08-15 14:52:41,Jeju,20240815141820,5.3,00,3.6,00,0.674,00,7.960,00,NG
2024-08-15 14:52:41,Nam-Won,20240815235200,4.2,00,0.7,00,1.363,00,0.000,00,OK
2024-08-15 14:52:41,Sek-Dal,20240815235210,0.5,06,1.4,00,1.408,00,11.140,00,OK
2024-08-15 14:52:41,Sung-San,20240815235220,0.0,04,1.2,00,1.316,00,5.777,00,OK
2024-08-15 14:52:41,Westside,20240815235220,11.3,00,2.0,00,2.274,00,13.808,00,NG
2024-08-15 15:01:40,Bo-Mok,20240816000130,3.8,00,0.5,00,0.121,00,9.731,00,OK
2024-08-15 15:01:40,Dae-Jung,20240816000120,5.7,00,1.0,00,0.563,00,2.535,00,OK
2024-08-15 15:01:40,Eastside,20240816000120,6.1,00,2.4,00,1.810,00,11.120,00,OK
2024-08-15 15:01:40,Jeju,20240815141820,5.3,00,3.6,00,0.674,00,7.960,00,NG
2024-08-15 15:01:40,Nam-Won,20240816000100,4.2,00,0.6,00,1.363,00,0.000,00,OK
2024-08-15 15:01:40,Sek-Dal,20240816000110,0.5,06,1.2,00,1.408,00,11.140,00,OK
2024-08-15 15:01:40,Sung-San,20240816000120,0.0,04,1.2,00,1.316,00,5.777,00,OK
2024-08-15 15:01:40,Westside,20240816000120,11.3,00,2.0,00,1.516,00,10.433,00,NG
2024-08-15 15:21:50,Bo-Mok,20240816002140,3.6,00,0.3,00,0.121,00,9.731,00,OK
2024-08-15 15:21:50,Dae-Jung,20240816002130,5.5,00,1.0,00,0.563,00,2.535,00,OK
2024-08-15 15:21:50,Eastside,20240816002120,4.5,00,1.6,00,1.810,00,11.120,00,NG
2024-08-15 15:21:50,Jeju,20240815141820,5.3,00,3.6,00,0.674,00,7.960,00,NG
2024-08-15 15:21:50,Nam-Won,20240816002110,3.7,00,0.8,00,1.363,00,0.000,00,OK
2024-08-15 15:21:50,Sek-Dal,20240816002120,0.5,06,1.5,00,1.408,00,11.140,00,OK
2024-08-15 15:21:50,Sung-San,20240816002130,0.0,04,1.3,00,1.316,00,5.777,00,OK
2024-08-15 15:21:50,Westside,20240816002130,14.5,00,2.2,00,1.516,00,10.433,00,OK
2024-08-15 15:30:09,Bo-Mok,20240816002950,3.6,00,0.4,00,0.121,00,9.731,00,OK
2024-08-15 15:30:09,Dae-Jung,20240816002950,5.5,00,0.9,00,0.563,00,2.535,00,OK
2024-08-15 15:30:09,Eastside,20240816002940,4.5,00,1.6,00,1.810,00,11.120,00,NG
2024-08-15 15:30:09,Jeju,20240815141820,5.3,00,3.6,00,0.674,00,7.960,00,NG
2024-08-15 15:30:09,Nam-Won,20240816002920,3.7,00,0.6,00,1.363,00,0.000,00,NG
2024-08-15 15:30:09,Sek-Dal,20240816002940,0.5,06,1.3,00,1.408,00,11.140,00,OK
2024-08-15 15:30:09,Sung-San,20240816002950,0.0,04,1.1,00,1.316,00,5.777,00,OK
2024-08-15 15:30:09,Westside,20240816002950,14.5,00,2.2,00,1.516,00,10.433,00,OK
2024-08-15 15:38:42,Bo-Mok,20240816003830,3.6,00,0.3,00,0.121,00,9.731,00,OK
2024-08-15 15:38:42,Dae-Jung,20240816003820,5.3,00,0.9,00,0.563,00,2.535,00,OK
2024-08-15 15:38:42,Eastside,20240816003820,4.3,00,1.6,00,1.810,00,11.120,00,OK
2024-08-15 15:38:42,Jeju,20240815141820,5.3,00,3.6,00,0.674,00,7.960,00,NG
2024-08-15 15:38:42,Nam-Won,20240816003800,3.8,00,0.6,00,1.363,00,0.000,00,OK
2024-08-15 15:38:42,Sek-Dal,20240816003810,0.5,06,1.7,00,1.408,00,11.140,00,NG
2024-08-15 15:38:42,Sung-San,20240816003820,0.0,04,1.1,00,1.316,00,5.777,00,NG
2024-08-15 15:38:42,Westside,20240816003820,12.0,00,2.1,00,1.516,00,10.433,00,OK
2024-08-15 15:46:33,Bo-Mok,20240816004620,3.6,00,0.3,00,0.136,00,9.731,00,OK
2024-08-15 15:46:33,Dae-Jung,20240816004610,5.3,00,0.8,00,0.563,00,2.535,00,OK
2024-08-15 15:46:33,Eastside,20240816004610,4.3,00,1.6,00,1.810,00,11.120,00,OK
2024-08-15 15:46:33,Jeju,20240815141820,5.3,00,3.6,00,0.674,00,7.960,00,NG
2024-08-15 15:46:33,Nam-Won,20240816004550,3.8,00,1.1,00,1.363,00,0.000,00,OK
2024-08-15 15:46:33,Sek-Dal,20240816004600,0.5,06,1.4,00,1.305,00,11.140,00,NG
2024-08-15 15:46:33,Sung-San,20240816004610,0.0,04,1.1,00,1.014,00,5.777,00,NG
2024-08-15 15:46:33,Westside,20240816004620,12.0,00,2.1,00,1.516,00,10.433,00,OK
2024-08-15 15:54:11,Bo-Mok,20240816005400,3.5,00,0.4,00,0.136,00,9.462,00,OK
2024-08-15 15:54:11,Dae-Jung,20240816005350,5.3,00,0.9,00,0.546,00,2.535,00,OK
2024-08-15 15:54:11,Eastside,20240816005350,4.3,00,1.6,00,1.810,00,11.120,00,OK
2024-08-15 15:54:11,Jeju,20240815141820,5.3,00,3.6,00,0.674,00,7.960,00,NG
2024-08-15 15:54:11,Nam-Won,20240816005330,4.0,00,2.1,00,0.999,00,3.831,00,OK
2024-08-15 15:54:11,Sek-Dal,20240816005340,0.5,06,1.5,00,1.305,00,11.303,00,NG
2024-08-15 15:54:11,Sung-San,20240816005350,0.0,04,1.1,00,1.014,00,5.816,00,NG
2024-08-15 15:54:11,Westside,20240816005350,12.7,00,2.2,00,1.516,00,10.433,00,OK
2024-08-15 16:10:28,Bo-Mok,20240816011010,3.5,00,0.4,00,0.136,00,9.462,00,OK
2024-08-15 16:10:28,Dae-Jung,20240816011010,5.4,00,1.0,00,0.546,00,2.767,00,OK
2024-08-15 16:10:28,Eastside,20240816011000,4.6,00,2.0,00,1.852,00,11.148,00,OK
2024-08-15 16:10:28,Jeju,20240815141820,5.3,00,3.6,00,0.674,00,7.960,00,NG
2024-08-15 16:10:28,Nam-Won,20240816010940,4.0,00,3.6,00,0.999,00,3.831,00,OK
2024-08-15 16:10:28,Sek-Dal,20240816011000,0.5,06,1.7,00,1.305,00,11.303,00,OK
2024-08-15 16:10:28,Sung-San,20240816011010,0.0,04,1.1,00,1.014,00,5.816,00,OK
2024-08-15 16:10:28,Westside,20240816011010,13.8,00,2.1,00,1.534,00,10.463,00,OK
2024-08-15 16:31:30,Bo-Mok,20240816013120,3.5,00,2.7,00,0.136,00,9.462,00,OK
2024-08-15 16:31:30,Dae-Jung,20240816013110,5.6,00,1.0,00,0.546,00,2.767,00,OK
2024-08-15 16:31:30,Eastside,20240816013100,4.7,00,1.6,00,1.852,00,11.148,00,NG
2024-08-15 16:31:30,Jeju,20240815141820,5.3,00,3.6,00,0.674,00,7.960,00,NG
2024-08-15 16:31:30,Nam-Won,20240816013040,4.0,00,1.4,00,0.999,00,3.831,00,NG
2024-08-15 16:31:30,Sek-Dal,20240816013100,0.5,06,1.4,00,1.305,00,11.303,00,OK
2024-08-15 16:31:30,Sung-San,20240816013110,0.0,04,1.2,00,1.014,00,5.816,00,OK
2024-08-15 16:31:30,Westside,20240816013110,13.4,00,1.9,00,1.534,00,10.463,00,OK
2024-08-15 16:43:07,Bo-Mok,20240816014250,3.3,00,0.4,00,0.136,00,9.462,00,OK
2024-08-15 16:43:07,Dae-Jung,20240816014250,5.4,00,1.1,00,0.546,00,2.767,00,OK
2024-08-15 16:43:07,Eastside,20240816014240,4.9,00,1.6,00,1.852,00,11.148,00,OK
2024-08-15 16:43:07,Jeju,20240815141820,5.3,00,3.6,00,0.674,00,7.960,00,NG
2024-08-15 16:43:07,Nam-Won,20240816014220,4.0,00,1.1,00,0.999,00,3.831,00,OK
2024-08-15 16:43:07,Sek-Dal,20240816014240,0.5,06,1.8,00,1.305,00,11.303,00,OK
2024-08-15 16:43:07,Sung-San,20240816014250,0.0,04,1.1,00,1.014,00,5.816,00,OK
2024-08-15 16:43:07,Westside,20240816014250,12.8,00,1.9,00,1.534,00,10.463,00,OK
2024-08-15 16:59:03,Bo-Mok,20240816015850,3.3,00,0.5,00,0.160,00,9.346,00,OK
2024-08-15 16:59:03,Dae-Jung,20240816015840,5.3,00,1.1,00,0.491,00,3.448,00,OK
2024-08-15 16:59:03,Eastside,20240816015840,5.1,00,1.6,00,2.066,00,6.504,00,OK
2024-08-15 16:59:03,Jeju,20240815141820,5.3,00,3.6,00,0.674,00,7.960,00,NG
2024-08-15 16:59:03,Nam-Won,20240816015820,4.0,00,1.0,00,1.234,00,4.305,00,OK
2024-08-15 16:59:03,Sek-Dal,20240816015830,0.5,06,1.4,00,1.333,00,11.140,00,OK
2024-08-15 16:59:03,Sung-San,20240816015840,0.0,04,1.0,00,0.862,00,5.894,00,OK
2024-08-15 16:59:03,Westside,20240816015850,13.2,00,1.8,00,1.251,00,12.364,00,OK
2024-08-15 17:15:24,Bo-Mok,20240816021510,3.4,00,2.9,00,0.160,00,9.346,00,OK
2024-08-15 17:15:24,Dae-Jung,20240816021500,5.2,00,1.0,00,0.491,00,3.448,00,NG
2024-08-15 17:15:24,Eastside,20240816021500,5.3,00,1.5,00,2.066,00,6.504,00,OK
2024-08-15 17:15:24,Jeju,20240815141820,5.3,00,3.6,00,0.674,00,7.960,00,NG
2024-08-15 17:15:24,Nam-Won,20240816021440,4.0,00,1.2,00,1.234,00,4.305,00,OK
2024-08-15 17:15:24,Sek-Dal,20240816021450,0.5,06,1.7,00,1.333,00,11.140,00,NG
2024-08-15 17:15:24,Sung-San,20240816021500,0.0,04,1.0,00,0.862,00,5.894,00,NG
2024-08-15 17:15:24,Westside,20240816021510,12.9,00,1.7,00,1.251,00,12.364,00,OK
